{"title": ["\n                红楼梦\n\n                \n              "], "link": ["https://book.douban.com/subject/1007305/"]}{"title": ["\n                活着\n\n                \n              "], "link": ["https://book.douban.com/subject/4913064/"]}{"title": ["\n                1984\n\n                \n              "], "link": ["https://book.douban.com/subject/4820710/"]}{"title": ["\n                百年孤独\n\n                \n              "], "link": ["https://book.douban.com/subject/6082808/"]}{"title": ["\n                飘\n\n                \n              "], "link": ["https://book.douban.com/subject/1068920/"]}{"title": ["\n                三体全集\n\n                \n                  ", "\n              "], "link": ["https://book.douban.com/subject/6518605/"]}{"title": ["\n                三国演义（全二册）\n\n                \n              "], "link": ["https://book.douban.com/subject/1019568/"]}{"title": ["\n                白夜行\n\n                \n              "], "link": ["https://book.douban.com/subject/10554308/"]}{"title": ["\n                房思琪的初恋乐园\n\n                \n              "], "link": ["https://book.douban.com/subject/27614904/"]}{"title": ["\n                动物农场\n\n                \n              "], "link": ["https://book.douban.com/subject/2035179/"]}{"title": ["\n                福尔摩斯探案全集（上中下）\n\n                \n              "], "link": ["https://book.douban.com/subject/1040211/"]}{"title": ["\n                小王子\n\n                \n              "], "link": ["https://book.douban.com/subject/1084336/"]}{"title": ["\n                天龙八部\n\n                \n              "], "link": ["https://book.douban.com/subject/1255625/"]}{"title": ["\n                撒哈拉的故事\n\n                \n              "], "link": ["https://book.douban.com/subject/1060068/"]}{"title": ["\n                安徒生童话故事集\n\n                \n              "], "link": ["https://book.douban.com/subject/1046209/"]}{"title": ["\n                冰与火之歌（卷一）\n\n                \n                  ", "\n              "], "link": ["https://book.douban.com/subject/1336330/"]}{"title": ["\n                哈利•波特\n\n                \n              "], "link": ["https://book.douban.com/subject/24531956/"]}{"title": ["\n                沉默的大多数\n\n                \n                  ", "\n              "], "link": ["https://book.douban.com/subject/1054685/"]}{"title": ["\n                人类简史\n\n                \n                  ", "\n              "], "link": ["https://book.douban.com/subject/25985021/"]}{"title": ["\n                围城\n\n                \n              "], "link": ["https://book.douban.com/subject/1008145/"]}{"title": ["\n                杀死一只知更鸟\n\n                \n              "], "link": ["https://book.douban.com/subject/6781808/"]}{"title": ["\n                平凡的世界（全三部）\n\n                \n              "], "link": ["https://book.douban.com/subject/1200840/"]}{"title": ["\n                明朝那些事儿（1-9）\n\n                \n                  ", "\n              "], "link": ["https://book.douban.com/subject/3674537/"]}{"title": ["\n                局外人\n\n                \n              "], "link": ["https://book.douban.com/subject/4908885/"]}{"title": ["\n                霍乱时期的爱情\n\n                \n              "], "link": ["https://book.douban.com/subject/10594787/"]}{"title": ["\n                笑傲江湖（全四册）\n\n                \n              "], "link": ["https://book.douban.com/subject/1002299/"]}{"title": ["\n                中国历代政治得失\n\n                \n              "], "link": ["https://book.douban.com/subject/1003479/"]}{"title": ["\n                月亮和六便士\n\n                \n              "], "link": ["https://book.douban.com/subject/1858513/"]}{"title": ["\n                基督山伯爵\n\n                \n              "], "link": ["https://book.douban.com/subject/1085860/"]}{"title": ["\n                肖申克的救赎\n\n                \n              "], "link": ["https://book.douban.com/subject/1829226/"]}{"title": ["\n                呐喊\n\n                \n              "], "link": ["https://book.douban.com/subject/1449351/"]}{"title": ["\n                东方快车谋杀案\n\n                \n              "], "link": ["https://book.douban.com/subject/1827374/"]}{"title": ["\n                万历十五年\n\n                \n              "], "link": ["https://book.douban.com/subject/1041482/"]}{"title": ["\n                追风筝的人\n\n                \n              "], "link": ["https://book.douban.com/subject/1770782/"]}{"title": ["\n                新名字的故事\n\n                \n                  ", "\n              "], "link": ["https://book.douban.com/subject/26986954/"]}{"title": ["\n                失踪的孩子\n\n                \n                  ", "\n              "], "link": ["https://book.douban.com/subject/30172069/"]}{"title": ["\n                江城\n\n                \n              "], "link": ["https://book.douban.com/subject/7060185/"]}{"title": ["\n                乡土中国\n\n                \n              "], "link": ["https://book.douban.com/subject/1795079/"]}{"title": ["\n                嫌疑人X的献身\n\n                \n              "], "link": ["https://book.douban.com/subject/3211779/"]}{"title": ["\n                刀锋\n\n                \n              "], "link": ["https://book.douban.com/subject/2035162/"]}{"title": ["\n                寻路中国\n\n                \n                  ", "\n              "], "link": ["https://book.douban.com/subject/5414391/"]}{"title": ["\n                射雕英雄传（全四册）\n\n                \n              "], "link": ["https://book.douban.com/subject/1044547/"]}{"title": ["\n                城南旧事\n\n                \n                  ", "\n              "], "link": ["https://book.douban.com/subject/1254588/"]}{"title": ["\n                我与地坛\n\n                \n                  ", "\n              "], "link": ["https://book.douban.com/subject/1209899/"]}{"title": ["\n                白鹿原\n\n                \n                  ", "\n              "], "link": ["https://book.douban.com/subject/10564071/"]}{"title": ["\n                傲慢与偏见\n\n                \n              "], "link": ["https://book.douban.com/subject/1083428/"]}{"title": ["\n                格林童话全集\n\n                \n              "], "link": ["https://book.douban.com/subject/1043008/"]}{"title": ["\n                黄金时代\n\n                \n                  ", "\n              "], "link": ["https://book.douban.com/subject/1089243/"]}{"title": ["\n                无人生还\n\n                \n              "], "link": ["https://book.douban.com/subject/3006581/"]}{"title": ["\n                历史深处的忧虑\n\n                \n                  ", "\n              "], "link": ["https://book.douban.com/subject/1027191/"]}{"title": ["\n                艺术的故事\n\n                \n              "], "link": ["https://book.douban.com/subject/3162991/"]}{"title": ["\n                文学回忆录\n\n                \n                  ", "\n              "], "link": ["https://book.douban.com/subject/20440644/"]}{"title": ["\n                神雕侠侣\n\n                \n              "], "link": ["https://book.douban.com/subject/1255624/"]}{"title": ["\n                史记（全十册）\n\n                \n              "], "link": ["https://book.douban.com/subject/1077847/"]}{"title": ["\n                悲惨世界（上中下）\n\n                \n              "], "link": ["https://book.douban.com/subject/1205054/"]}{"title": ["\n                上帝掷骰子吗\n\n                \n                  ", "\n              "], "link": ["https://book.douban.com/subject/1467022/"]}{"title": ["\n                许三观卖血记\n\n                \n              "], "link": ["https://book.douban.com/subject/1029791/"]}{"title": ["\n                野草\n\n                \n              "], "link": ["https://book.douban.com/subject/1915958/"]}{"title": ["\n                卡拉马佐夫兄弟\n\n                \n              "], "link": ["https://book.douban.com/subject/1856494/"]}{"title": ["\n                树上的男爵\n\n                \n              "], "link": ["https://book.douban.com/subject/6789605/"]}{"title": ["\n                邓小平时代\n\n                \n              "], "link": ["https://book.douban.com/subject/20424526/"]}{"title": ["\n                爱你就像爱生命\n\n                \n              "], "link": ["https://book.douban.com/subject/3071717/"]}{"title": ["\n                朝花夕拾\n\n                \n              "], "link": ["https://book.douban.com/subject/1449352/"]}{"title": ["\n                我们仨\n\n                \n              "], "link": ["https://book.douban.com/subject/1023045/"]}{"title": ["\n                哭泣的骆驼\n\n                \n              "], "link": ["https://book.douban.com/subject/1029111/"]}{"title": ["\n                看见\n\n                \n              "], "link": ["https://book.douban.com/subject/20427187/"]}{"title": ["\n                最好的告别\n\n                \n                  ", "\n              "], "link": ["https://book.douban.com/subject/26576861/"]}{"title": ["\n                彷徨\n\n                \n              "], "link": ["https://book.douban.com/subject/1449348/"]}{"title": ["\n                巨人的陨落\n\n                \n                  ", "\n              "], "link": ["https://book.douban.com/subject/26698660/"]}{"title": ["\n                道德经\n\n                \n              "], "link": ["https://book.douban.com/subject/1059258/"]}{"title": ["\n                灿烂千阳\n\n                \n              "], "link": ["https://book.douban.com/subject/2143732/"]}{"title": ["\n                台北人\n\n                \n              "], "link": ["https://book.douban.com/subject/5337248/"]}{"title": ["\n                你当像鸟飞往你的山\n\n                \n              "], "link": ["https://book.douban.com/subject/33440205/"]}{"title": ["\n                浪潮之巅\n\n                \n              "], "link": ["https://book.douban.com/subject/6709783/"]}{"title": ["\n                教父\n\n                \n              "], "link": ["https://book.douban.com/subject/1092335/"]}{"title": ["\n                西游记（全二册）\n\n                \n              "], "link": ["https://book.douban.com/subject/1029553/"]}{"title": ["\n                诗经\n\n                \n              "], "link": ["https://book.douban.com/subject/1883245/"]}{"title": ["\n                人间词话\n\n                \n              "], "link": ["https://book.douban.com/subject/1203426/"]}{"title": ["\n                永恒的终结\n\n                \n                  ", "\n              "], "link": ["https://book.douban.com/subject/25829693/"]}{"title": ["\n                呼兰河传\n\n                \n                  ", "\n              "], "link": ["https://book.douban.com/subject/1060852/"]}{"title": ["\n                罗杰疑案\n\n                \n                  ", "\n              "], "link": ["https://book.douban.com/subject/21371175/"]}{"title": ["\n                海子的诗\n\n                \n              "], "link": ["https://book.douban.com/subject/1011754/"]}{"title": ["\n                悉达多\n\n                \n              "], "link": ["https://book.douban.com/subject/3406401/"]}{"title": ["\n                窗边的小豆豆\n\n                \n              "], "link": ["https://book.douban.com/subject/1007914/"]}{"title": ["\n                美的历程\n\n                \n              "], "link": ["https://book.douban.com/subject/3410718/"]}{"title": ["\n                这些人，那些事\n\n                \n              "], "link": ["https://book.douban.com/subject/6388661/"]}{"title": ["\n                人生的智慧\n\n                \n              "], "link": ["https://book.douban.com/subject/3261600/"]}{"title": ["\n                唐诗三百首\n\n                \n              "], "link": ["https://book.douban.com/subject/1013267/"]}{"title": ["\n                飞鸟集\n\n                \n              "], "link": ["https://book.douban.com/subject/1058661/"]}{"title": ["\n                看不见的城市\n\n                \n              "], "link": ["https://book.douban.com/subject/1863930/"]}{"title": ["\n                鼠疫\n\n                \n              "], "link": ["https://book.douban.com/subject/24257229/"]}{"title": ["\n                鹿鼎记（全五册）\n\n                \n              "], "link": ["https://book.douban.com/subject/1212893/"]}{"title": ["\n                人生的枷锁\n\n                \n              "], "link": ["https://book.douban.com/subject/2035171/"]}{"title": ["\n                斯通纳\n\n                \n              "], "link": ["https://book.douban.com/subject/26425831/"]}{"title": ["\n                王尔德童话\n\n                \n              "], "link": ["https://book.douban.com/subject/1119839/"]}{"title": ["\n                陆犯焉识\n\n                \n              "], "link": ["https://book.douban.com/subject/6880158/"]}{"title": ["\n                一个陌生女人的来信\n\n                \n              "], "link": ["https://book.douban.com/subject/2154960/"]}{"title": ["\n                献给阿尔吉侬的花束\n\n                \n              "], "link": ["https://book.douban.com/subject/26362836/"]}{"title": ["\n                边城\n\n                \n              "], "link": ["https://book.douban.com/subject/1057244/"]}{"title": ["\n                一个叫欧维的男人决定去死\n\n                \n              "], "link": ["https://book.douban.com/subject/26672693/"]}{"title": ["\n                故事新编\n\n                \n              "], "link": ["https://book.douban.com/subject/2046909/"]}{"title": ["\n                孽子\n\n                \n              "], "link": ["https://book.douban.com/subject/5337254/"]}{"title": ["\n                梦里花落知多少\n\n                \n              "], "link": ["https://book.douban.com/subject/2070844/"]}{"title": ["\n                金色梦乡\n\n                \n              "], "link": ["https://book.douban.com/subject/5038409/"]}{"title": ["\n                國史大綱（上下）\n\n                \n              "], "link": ["https://book.douban.com/subject/1046492/"]}{"title": ["\n                史蒂夫·乔布斯传\n\n                \n              "], "link": ["https://book.douban.com/subject/6798611/"]}{"title": ["\n                叫魂\n\n                \n                  ", "\n              "], "link": ["https://book.douban.com/subject/10471333/"]}{"title": ["\n                时间简史\n\n                \n                  ", "\n              "], "link": ["https://book.douban.com/subject/1034282/"]}{"title": ["\n                十万个为什么\n\n                \n              "], "link": ["https://book.douban.com/subject/2160556/"]}{"title": ["\n                冬牧场\n\n                \n              "], "link": ["https://book.douban.com/subject/10522856/"]}{"title": ["\n                苏菲的世界\n\n                \n              "], "link": ["https://book.douban.com/subject/2284311/"]}{"title": ["\n                孩子你慢慢来\n\n                \n              "], "link": ["https://book.douban.com/subject/4207781/"]}{"title": ["\n                离开的，留下的\n\n                \n                  ", "\n              "], "link": ["https://book.douban.com/subject/27104959/"]}{"title": ["\n                昨日的世界\n\n                \n                  ", "\n              "], "link": ["https://book.douban.com/subject/1062343/"]}{"title": ["\n                爱的艺术\n\n                \n              "], "link": ["https://book.douban.com/subject/3026879/"]}{"title": ["\n                万水千山走遍\n\n                \n              "], "link": ["https://book.douban.com/subject/1036490/"]}{"title": ["\n                我也有一个梦想\n\n                \n                  ", "\n              "], "link": ["https://book.douban.com/subject/1014825/"]}{"title": ["\n                送你一颗子弹\n\n                \n              "], "link": ["https://book.douban.com/subject/4238362/"]}{"title": ["\n                浮生六记\n\n                \n              "], "link": ["https://book.douban.com/subject/1088581/"]}{"title": ["\n                经济学原理（上下）\n\n                \n              "], "link": ["https://book.douban.com/subject/1028842/"]}{"title": ["\n                绿毛水怪\n\n                \n              "], "link": ["https://book.douban.com/subject/3518332/"]}{"title": ["\n                九州·缥缈录\n\n                \n              "], "link": ["https://book.douban.com/subject/26613061/"]}{"title": ["\n                四世同堂\n\n                \n              "], "link": ["https://book.douban.com/subject/3183775/"]}{"title": ["\n                不能承受的生命之轻\n\n                \n                  ", "\n              "], "link": ["https://book.douban.com/subject/4920007/"]}{"title": ["\n                小径分岔的花园\n\n                \n              "], "link": ["https://book.douban.com/subject/25796120/"]}{"title": ["\n                球状闪电\n\n                \n              "], "link": ["https://book.douban.com/subject/1192090/"]}{"title": ["\n                倾城之恋\n\n                \n              "], "link": ["https://book.douban.com/subject/1985223/"]}{"title": ["\n                面纱\n\n                \n              "], "link": ["https://book.douban.com/subject/10560798/"]}{"title": ["\n                情书\n\n                \n              "], "link": ["https://book.douban.com/subject/1080370/"]}{"title": ["\n                亮剑\n\n                \n              "], "link": ["https://book.douban.com/subject/1088022/"]}{"title": ["\n                野火集\n\n                \n                  ", "\n              "], "link": ["https://book.douban.com/subject/1426971/"]}{"title": ["\n                目送\n\n                \n              "], "link": ["https://book.douban.com/subject/3995526/"]}{"title": ["\n                亲爱的安德烈\n\n                \n              "], "link": ["https://book.douban.com/subject/3369793/"]}{"title": ["\n                我的阿勒泰\n\n                \n              "], "link": ["https://book.douban.com/subject/4884218/"]}{"title": ["\n                古文观止\n\n                \n              "], "link": ["https://book.douban.com/subject/1014561/"]}{"title": ["\n                银河系漫游指南\n\n                \n              "], "link": ["https://book.douban.com/subject/1394364/"]}{"title": ["\n                温柔的夜\n\n                \n              "], "link": ["https://book.douban.com/subject/2068249/"]}{"title": ["\n                阿勒泰的角落\n\n                \n              "], "link": ["https://book.douban.com/subject/4881850/"]}{"title": ["\n                德米安\n\n                \n                  ", "\n              "], "link": ["https://book.douban.com/subject/3578470/"]}{"title": ["\n                你好，旧时光（上 下）\n\n                \n              "], "link": ["https://book.douban.com/subject/4166819/"]}{"title": ["\n                枪炮、病菌与钢铁\n\n                \n                  ", "\n              "], "link": ["https://book.douban.com/subject/1813841/"]}{"title": ["\n                霸王别姬\n\n                \n              "], "link": ["https://book.douban.com/subject/1088711/"]}{"title": ["\n                渴望生活\n\n                \n                  ", "\n              "], "link": ["https://book.douban.com/subject/3054821/"]}{"title": ["\n                麦琪的礼物\n\n                \n                  ", "\n              "], "link": ["https://book.douban.com/subject/1051193/"]}{"title": ["\n                受戒\n\n                \n                  ", "\n              "], "link": ["https://book.douban.com/subject/1760432/"]}{"title": ["\n                故事\n\n                \n                  ", "\n              "], "link": ["https://book.douban.com/subject/25976544/"]}{"title": ["\n                激荡三十年\n\n                \n                  ", "\n              "], "link": ["https://book.douban.com/subject/3151575/"]}{"title": ["\n                社会心理学\n\n                \n                  ", "\n              "], "link": ["https://book.douban.com/subject/1476651/"]}{"title": ["\n                解忧杂货店\n\n                \n              "], "link": ["https://book.douban.com/subject/25862578/"]}{"title": ["\n                半生缘\n\n                \n              "], "link": ["https://book.douban.com/subject/1963684/"]}{"title": ["\n                天朝的崩溃\n\n                \n                  ", "\n              "], "link": ["https://book.douban.com/subject/1675478/"]}{"title": ["\n                万物有灵且美\n\n                \n              "], "link": ["https://book.douban.com/subject/4187411/"]}{"title": ["\n                尼罗河上的惨案\n\n                \n              "], "link": ["https://book.douban.com/subject/1818347/"]}{"title": ["\n                棋王\n\n                \n              "], "link": ["https://book.douban.com/subject/1020961/"]}{"title": ["\n                我不知道该说什么，关于死亡还是爱情\n\n                \n                  ", "\n              "], "link": ["https://book.douban.com/subject/25884880/"]}{"title": ["\n                失明症漫记\n\n                \n              "], "link": ["https://book.douban.com/subject/20428302/"]}{"title": ["\n                罗生门\n\n                \n              "], "link": ["https://book.douban.com/subject/3136271/"]}{"title": ["\n                人间草木\n\n                \n              "], "link": ["https://book.douban.com/subject/1253310/"]}{"title": ["\n                罪与罚\n\n                \n              "], "link": ["https://book.douban.com/subject/1858568/"]}{"title": ["\n                最好的我们\n\n                \n              "], "link": ["https://book.douban.com/subject/24754316/"]}{"title": ["\n                茶馆\n\n                \n              "], "link": ["https://book.douban.com/subject/1036613/"]}{"title": ["\n                总统是靠不住的\n\n                \n                  ", "\n              "], "link": ["https://book.douban.com/subject/1056315/"]}{"title": ["\n                民主的细节\n\n                \n                  ", "\n              "], "link": ["https://book.douban.com/subject/3813669/"]}{"title": ["\n                顾城的诗\n\n                \n              "], "link": ["https://book.douban.com/subject/1033825/"]}{"title": ["\n                上学记\n\n                \n              "], "link": ["https://book.douban.com/subject/1859140/"]}{"title": ["\n                荆棘鸟\n\n                \n              "], "link": ["https://book.douban.com/subject/1086249/"]}{"title": ["\n                全球通史\n\n                \n                  ", "\n              "], "link": ["https://book.douban.com/subject/10583099/"]}{"title": ["\n                一句顶一万句\n\n                \n              "], "link": ["https://book.douban.com/subject/3633461/"]}{"title": ["\n                倚天屠龙记(共四册)\n\n                \n              "], "link": ["https://book.douban.com/subject/1070851/"]}{"title": ["\n                我的天才女友\n\n                \n                  ", "\n              "], "link": ["https://book.douban.com/subject/26878124/"]}{"title": ["\n                雷雨\n\n                \n              "], "link": ["https://book.douban.com/subject/1013416/"]}{"title": ["\n                草房子\n\n                \n              "], "link": ["https://book.douban.com/subject/1052990/"]}{"title": ["\n                一千零一夜\n\n                \n              "], "link": ["https://book.douban.com/subject/1035848/"]}{"title": ["\n                此生未完成\n\n                \n                  ", "\n              "], "link": ["https://book.douban.com/subject/6397275/"]}{"title": ["\n                海风中失落的血色馈赠\n\n                \n              "], "link": ["https://book.douban.com/subject/26357614/"]}{"title": ["\n                理想国\n\n                \n              "], "link": ["https://book.douban.com/subject/1004821/"]}{"title": ["\n                孙子兵法\n\n                \n              "], "link": ["https://book.douban.com/subject/1949420/"]}{"title": ["\n                水浒传（全二册）\n\n                \n              "], "link": ["https://book.douban.com/subject/1008357/"]}{"title": ["\n                认识电影\n\n                \n                  ", "\n              "], "link": ["https://book.douban.com/subject/2326403/"]}{"title": ["\n                雨季不再来\n\n                \n              "], "link": ["https://book.douban.com/subject/2136140/"]}{"title": ["\n                从一到无穷大\n\n                \n                  ", "\n              "], "link": ["https://book.douban.com/subject/1102715/"]}{"title": ["\n                正见\n\n                \n                  ", "\n              "], "link": ["https://book.douban.com/subject/1963912/"]}{"title": ["\n                牧羊少年奇幻之旅\n\n                \n              "], "link": ["https://book.douban.com/subject/3608208/"]}{"title": ["\n                繁花\n\n                \n              "], "link": ["https://book.douban.com/subject/22714154/"]}{"title": ["\n                棋王·树王·孩子王\n\n                \n              "], "link": ["https://book.douban.com/subject/26734559/"]}{"title": ["\n                强风吹拂\n\n                \n              "], "link": ["https://book.douban.com/subject/26210487/"]}{"title": ["\n                青铜时代\n\n                \n                  ", "\n              "], "link": ["https://book.douban.com/subject/1085883/"]}{"title": ["\n                一桩事先张扬的凶杀案\n\n                \n              "], "link": ["https://book.douban.com/subject/24382569/"]}{"title": ["\n                银河帝国：基地七部曲\n\n                \n                  ", "\n              "], "link": ["https://book.douban.com/subject/26389895/"]}{"title": ["\n                黑客与画家\n\n                \n                  ", "\n              "], "link": ["https://book.douban.com/subject/6021440/"]}{"title": ["\n                额尔古纳河右岸\n\n                \n              "], "link": ["https://book.douban.com/subject/3311253/"]}{"title": ["\n                圣经\n\n                \n              "], "link": ["https://book.douban.com/subject/1803022/"]}{"title": ["\n                火星救援\n\n                \n              "], "link": ["https://book.douban.com/subject/26586492/"]}{"title": ["\n                巨流河\n\n                \n              "], "link": ["https://book.douban.com/subject/4842446/"]}{"title": ["\n                中国哲学简史\n\n                \n              "], "link": ["https://book.douban.com/subject/1021273/"]}{"title": ["\n                金锁记\n\n                \n              "], "link": ["https://book.douban.com/subject/3017857/"]}{"title": ["\n                庄子\n\n                \n              "], "link": ["https://book.douban.com/subject/2046236/"]}{"title": ["\n                象棋的故事\n\n                \n              "], "link": ["https://book.douban.com/subject/2158684/"]}{"title": ["\n                你一生的故事\n\n                \n                  ", "\n              "], "link": ["https://book.douban.com/subject/26295448/"]}{"title": ["\n                众病之王\n\n                \n                  ", "\n              "], "link": ["https://book.douban.com/subject/20507206/"]}{"title": ["\n                恶意\n\n                \n              "], "link": ["https://book.douban.com/subject/3646172/"]}{"title": ["\n                张爱玲文集\n\n                \n              "], "link": ["https://book.douban.com/subject/1004992/"]}{"title": ["\n                论语\n\n                \n              "], "link": ["https://book.douban.com/subject/1964774/"]}{"title": ["\n                当呼吸化为空气\n\n                \n              "], "link": ["https://book.douban.com/subject/26896859/"]}{"title": ["\n                简爱（英文全本）\n\n                \n              "], "link": ["https://book.douban.com/subject/1141406/"]}{"title": ["\n                设计中的设计\n\n                \n              "], "link": ["https://book.douban.com/subject/1941558/"]}{"title": ["\n                夏洛的网\n\n                \n              "], "link": ["https://book.douban.com/subject/1036274/"]}{"title": ["\n                毛姆短篇小说精选集\n\n                \n              "], "link": ["https://book.douban.com/subject/10774752/"]}{"title": ["\n                稻草人手记\n\n                \n              "], "link": ["https://book.douban.com/subject/3607117/"]}{"title": ["\n                荒原狼\n\n                \n              "], "link": ["https://book.douban.com/subject/3131626/"]}{"title": ["\n                世界尽头与冷酷仙境\n\n                \n              "], "link": ["https://book.douban.com/subject/1291809/"]}{"title": ["\n                佐贺的超级阿嬷\n\n                \n              "], "link": ["https://book.douban.com/subject/2008284/"]}{"title": ["\n                ZOO\n\n                \n              "], "link": ["https://book.douban.com/subject/2297697/"]}{"title": ["\n                世界的凛冬\n\n                \n                  ", "\n              "], "link": ["https://book.douban.com/subject/26957760/"]}{"title": ["\n                香水\n\n                \n                  ", "\n              "], "link": ["https://book.douban.com/subject/1292416/"]}{"title": ["\n                狂热分子\n\n                \n                  ", "\n              "], "link": ["https://book.douban.com/subject/3057556/"]}{"title": ["\n                二手时间\n\n                \n              "], "link": ["https://book.douban.com/subject/26704403/"]}{"title": ["\n                牡丹亭\n\n                \n              "], "link": ["https://book.douban.com/subject/1073708/"]}{"title": ["\n                步履不停\n\n                \n              "], "link": ["https://book.douban.com/subject/26963321/"]}{"title": ["\n                人类的群星闪耀时\n\n                \n              "], "link": ["https://book.douban.com/subject/1083762/"]}{"title": ["\n                金阁寺\n\n                \n              "], "link": ["https://book.douban.com/subject/3391248/"]}{"title": ["\n                影响力\n\n                \n              "], "link": ["https://book.douban.com/subject/1786387/"]}{"title": ["\n                挪威的森林\n\n                \n              "], "link": ["https://book.douban.com/subject/2159042/"]}{"title": ["\n                社会契约论\n\n                \n              "], "link": ["https://book.douban.com/subject/1277981/"]}{"title": ["\n                美丽新世界\n\n                \n              "], "link": ["https://book.douban.com/subject/1321789/"]}{"title": ["\n                多情剑客无情剑(上、中、下)\n\n                \n              "], "link": ["https://book.douban.com/subject/1422833/"]}{"title": ["\n                告白\n\n                \n              "], "link": ["https://book.douban.com/subject/4836682/"]}{"title": ["\n                安娜·卡列尼娜\n\n                \n              "], "link": ["https://book.douban.com/subject/2253380/"]}{"title": ["\n                哈姆莱特\n\n                \n              "], "link": ["https://book.douban.com/subject/1006197/"]}{"title": ["\n                老人与海\n\n                \n              "], "link": ["https://book.douban.com/subject/1064275/"]}{"title": ["\n                通往奴役之路\n\n                \n              "], "link": ["https://book.douban.com/subject/1077528/"]}{"title": ["\n                美国宪政历程\n\n                \n                  ", "\n              "], "link": ["https://book.douban.com/subject/1144185/"]}{"title": ["\n                了不起的盖茨比\n\n                \n              "], "link": ["https://book.douban.com/subject/10738023/"]}{"title": ["\n                规训与惩罚\n\n                \n                  ", "\n              "], "link": ["https://book.douban.com/subject/1012307/"]}{"title": ["\n                一个人的村庄\n\n                \n              "], "link": ["https://book.douban.com/subject/1692648/"]}{"title": ["\n                骆驼祥子\n\n                \n              "], "link": ["https://book.douban.com/subject/1043815/"]}{"title": ["\n                少年凯歌\n\n                \n              "], "link": ["https://book.douban.com/subject/1091203/"]}{"title": ["\n                海底两万里\n\n                \n              "], "link": ["https://book.douban.com/subject/1085470/"]}{"title": ["\n                长袜子皮皮\n\n                \n              "], "link": ["https://book.douban.com/subject/1004088/"]}{"title": ["\n                欢乐英雄\n\n                \n              "], "link": ["https://book.douban.com/subject/1264579/"]}{"title": ["\n                别闹了，费曼先生\n\n                \n                  ", "\n              "], "link": ["https://book.douban.com/subject/1037602/"]}{"title": ["\n                2001太空漫游\n\n                \n              "], "link": ["https://book.douban.com/subject/2340609/"]}{"title": ["\n                社会性动物\n\n                \n              "], "link": ["https://book.douban.com/subject/2328458/"]}{"title": ["\n                西方哲学史（上卷）\n\n                \n              "], "link": ["https://book.douban.com/subject/1008189/"]}{"title": ["\n                尘埃落定\n\n                \n              "], "link": ["https://book.douban.com/subject/1080309/"]}{"title": ["\n                批评官员的尺度\n\n                \n                  ", "\n              "], "link": ["https://book.douban.com/subject/6401128/"]}{"title": ["\n                长夜难明\n\n                \n                  ", "\n              "], "link": ["https://book.douban.com/subject/26923390/"]}{"title": ["\n                过于喧嚣的孤独\n\n                \n              "], "link": ["https://book.douban.com/subject/6781794/"]}{"title": ["\n                如父如子\n\n                \n              "], "link": ["https://book.douban.com/subject/27611824/"]}{"title": ["\n                不存在的骑士\n\n                \n              "], "link": ["https://book.douban.com/subject/6789551/"]}{"title": ["\n                艺术的故事\n\n                \n              "], "link": ["https://book.douban.com/subject/3162991/"]}{"title": ["\n                文学回忆录\n\n                \n                  ", "\n              "], "link": ["https://book.douban.com/subject/20440644/"]}{"title": ["\n                神雕侠侣\n\n                \n              "], "link": ["https://book.douban.com/subject/1255624/"]}{"title": ["\n                史记（全十册）\n\n                \n              "], "link": ["https://book.douban.com/subject/1077847/"]}{"title": ["\n                悲惨世界（上中下）\n\n                \n              "], "link": ["https://book.douban.com/subject/1205054/"]}{"title": ["\n                上帝掷骰子吗\n\n                \n                  ", "\n              "], "link": ["https://book.douban.com/subject/1467022/"]}{"title": ["\n                许三观卖血记\n\n                \n              "], "link": ["https://book.douban.com/subject/1029791/"]}{"title": ["\n                野草\n\n                \n              "], "link": ["https://book.douban.com/subject/1915958/"]}{"title": ["\n                卡拉马佐夫兄弟\n\n                \n              "], "link": ["https://book.douban.com/subject/1856494/"]}{"title": ["\n                树上的男爵\n\n                \n              "], "link": ["https://book.douban.com/subject/6789605/"]}{"title": ["\n                邓小平时代\n\n                \n              "], "link": ["https://book.douban.com/subject/20424526/"]}{"title": ["\n                朝花夕拾\n\n                \n              "], "link": ["https://book.douban.com/subject/1449352/"]}{"title": ["\n                哭泣的骆驼\n\n                \n              "], "link": ["https://book.douban.com/subject/1029111/"]}{"title": ["\n                看见\n\n                \n              "], "link": ["https://book.douban.com/subject/20427187/"]}{"title": ["\n                彷徨\n\n                \n              "], "link": ["https://book.douban.com/subject/1449348/"]}{"title": ["\n                灿烂千阳\n\n                \n              "], "link": ["https://book.douban.com/subject/2143732/"]}{"title": ["\n                台北人\n\n                \n              "], "link": ["https://book.douban.com/subject/5337248/"]}{"title": ["\n                浪潮之巅\n\n                \n              "], "link": ["https://book.douban.com/subject/6709783/"]}{"title": ["\n                西游记（全二册）\n\n                \n              "], "link": ["https://book.douban.com/subject/1029553/"]}{"title": ["\n                诗经\n\n                \n              "], "link": ["https://book.douban.com/subject/1883245/"]}{"title": ["\n                人间词话\n\n                \n              "], "link": ["https://book.douban.com/subject/1203426/"]}{"title": ["\n                永恒的终结\n\n                \n                  ", "\n              "], "link": ["https://book.douban.com/subject/25829693/"]}{"title": ["\n                悉达多\n\n                \n              "], "link": ["https://book.douban.com/subject/3406401/"]}{"title": ["\n                窗边的小豆豆\n\n                \n              "], "link": ["https://book.douban.com/subject/1007914/"]}{"title": ["\n                一个叫欧维的男人决定去死\n\n                \n              "], "link": ["https://book.douban.com/subject/26672693/"]}{"title": ["\n                笑傲江湖（全四册）\n\n                \n              "], "link": ["https://book.douban.com/subject/1002299/"]}{"title": ["\n                中国历代政治得失\n\n                \n              "], "link": ["https://book.douban.com/subject/1003479/"]}{"title": ["\n                月亮和六便士\n\n                \n              "], "link": ["https://book.douban.com/subject/1858513/"]}{"title": ["\n                基督山伯爵\n\n                \n              "], "link": ["https://book.douban.com/subject/1085860/"]}{"title": ["\n                肖申克的救赎\n\n                \n              "], "link": ["https://book.douban.com/subject/1829226/"]}{"title": ["\n                呐喊\n\n                \n              "], "link": ["https://book.douban.com/subject/1449351/"]}{"title": ["\n                东方快车谋杀案\n\n                \n              "], "link": ["https://book.douban.com/subject/1827374/"]}{"title": ["\n                万历十五年\n\n                \n              "], "link": ["https://book.douban.com/subject/1041482/"]}{"title": ["\n                追风筝的人\n\n                \n              "], "link": ["https://book.douban.com/subject/1770782/"]}{"title": ["\n                新名字的故事\n\n                \n                  ", "\n              "], "link": ["https://book.douban.com/subject/26986954/"]}{"title": ["\n                失踪的孩子\n\n                \n                  ", "\n              "], "link": ["https://book.douban.com/subject/30172069/"]}{"title": ["\n                江城\n\n                \n              "], "link": ["https://book.douban.com/subject/7060185/"]}{"title": ["\n                乡土中国\n\n                \n              "], "link": ["https://book.douban.com/subject/1795079/"]}{"title": ["\n                嫌疑人X的献身\n\n                \n              "], "link": ["https://book.douban.com/subject/3211779/"]}{"title": ["\n                刀锋\n\n                \n              "], "link": ["https://book.douban.com/subject/2035162/"]}{"title": ["\n                寻路中国\n\n                \n                  ", "\n              "], "link": ["https://book.douban.com/subject/5414391/"]}{"title": ["\n                射雕英雄传（全四册）\n\n                \n              "], "link": ["https://book.douban.com/subject/1044547/"]}{"title": ["\n                城南旧事\n\n                \n                  ", "\n              "], "link": ["https://book.douban.com/subject/1254588/"]}{"title": ["\n                我与地坛\n\n                \n                  ", "\n              "], "link": ["https://book.douban.com/subject/1209899/"]}{"title": ["\n                白鹿原\n\n                \n                  ", "\n              "], "link": ["https://book.douban.com/subject/10564071/"]}{"title": ["\n                傲慢与偏见\n\n                \n              "], "link": ["https://book.douban.com/subject/1083428/"]}{"title": ["\n                格林童话全集\n\n                \n              "], "link": ["https://book.douban.com/subject/1043008/"]}{"title": ["\n                黄金时代\n\n                \n                  ", "\n              "], "link": ["https://book.douban.com/subject/1089243/"]}{"title": ["\n                无人生还\n\n                \n              "], "link": ["https://book.douban.com/subject/3006581/"]}{"title": ["\n                历史深处的忧虑\n\n                \n                  ", "\n              "], "link": ["https://book.douban.com/subject/1027191/"]}{"title": ["\n                红楼梦\n\n                \n              "], "link": ["https://book.douban.com/subject/1007305/"]}{"title": ["\n                活着\n\n                \n              "], "link": ["https://book.douban.com/subject/4913064/"]}{"title": ["\n                1984\n\n                \n              "], "link": ["https://book.douban.com/subject/4820710/"]}{"title": ["\n                百年孤独\n\n                \n              "], "link": ["https://book.douban.com/subject/6082808/"]}{"title": ["\n                飘\n\n                \n              "], "link": ["https://book.douban.com/subject/1068920/"]}{"title": ["\n                三体全集\n\n                \n                  ", "\n              "], "link": ["https://book.douban.com/subject/6518605/"]}{"title": ["\n                三国演义（全二册）\n\n                \n              "], "link": ["https://book.douban.com/subject/1019568/"]}{"title": ["\n                白夜行\n\n                \n              "], "link": ["https://book.douban.com/subject/10554308/"]}{"title": ["\n                房思琪的初恋乐园\n\n                \n              "], "link": ["https://book.douban.com/subject/27614904/"]}{"title": ["\n                动物农场\n\n                \n              "], "link": ["https://book.douban.com/subject/2035179/"]}{"title": ["\n                福尔摩斯探案全集（上中下）\n\n                \n              "], "link": ["https://book.douban.com/subject/1040211/"]}{"title": ["\n                小王子\n\n                \n              "], "link": ["https://book.douban.com/subject/1084336/"]}{"title": ["\n                天龙八部\n\n                \n              "], "link": ["https://book.douban.com/subject/1255625/"]}{"title": ["\n                撒哈拉的故事\n\n                \n              "], "link": ["https://book.douban.com/subject/1060068/"]}{"title": ["\n                安徒生童话故事集\n\n                \n              "], "link": ["https://book.douban.com/subject/1046209/"]}{"title": ["\n                冰与火之歌（卷一）\n\n                \n                  ", "\n              "], "link": ["https://book.douban.com/subject/1336330/"]}{"title": ["\n                哈利•波特\n\n                \n              "], "link": ["https://book.douban.com/subject/24531956/"]}{"title": ["\n                沉默的大多数\n\n                \n                  ", "\n              "], "link": ["https://book.douban.com/subject/1054685/"]}{"title": ["\n                人类简史\n\n                \n                  ", "\n              "], "link": ["https://book.douban.com/subject/25985021/"]}{"title": ["\n                围城\n\n                \n              "], "link": ["https://book.douban.com/subject/1008145/"]}{"title": ["\n                杀死一只知更鸟\n\n                \n              "], "link": ["https://book.douban.com/subject/6781808/"]}{"title": ["\n                平凡的世界（全三部）\n\n                \n              "], "link": ["https://book.douban.com/subject/1200840/"]}{"title": ["\n                明朝那些事儿（1-9）\n\n                \n                  ", "\n              "], "link": ["https://book.douban.com/subject/3674537/"]}{"title": ["\n                局外人\n\n                \n              "], "link": ["https://book.douban.com/subject/4908885/"]}{"title": ["\n                霍乱时期的爱情\n\n                \n              "], "link": ["https://book.douban.com/subject/10594787/"]}{"title": ["\n                爱你就像爱生命\n\n                \n              "], "link": ["https://book.douban.com/subject/3071717/"]}{"title": ["\n                我们仨\n\n                \n              "], "link": ["https://book.douban.com/subject/1023045/"]}{"title": ["\n                最好的告别\n\n                \n                  ", "\n              "], "link": ["https://book.douban.com/subject/26576861/"]}{"title": ["\n                巨人的陨落\n\n                \n                  ", "\n              "], "link": ["https://book.douban.com/subject/26698660/"]}{"title": ["\n                道德经\n\n                \n              "], "link": ["https://book.douban.com/subject/1059258/"]}{"title": ["\n                你当像鸟飞往你的山\n\n                \n              "], "link": ["https://book.douban.com/subject/33440205/"]}{"title": ["\n                教父\n\n                \n              "], "link": ["https://book.douban.com/subject/1092335/"]}{"title": ["\n                呼兰河传\n\n                \n                  ", "\n              "], "link": ["https://book.douban.com/subject/1060852/"]}{"title": ["\n                罗杰疑案\n\n                \n                  ", "\n              "], "link": ["https://book.douban.com/subject/21371175/"]}{"title": ["\n                海子的诗\n\n                \n              "], "link": ["https://book.douban.com/subject/1011754/"]}{"title": ["\n                这些人，那些事\n\n                \n              "], "link": ["https://book.douban.com/subject/6388661/"]}{"title": ["\n                唐诗三百首\n\n                \n              "], "link": ["https://book.douban.com/subject/1013267/"]}{"title": ["\n                飞鸟集\n\n                \n              "], "link": ["https://book.douban.com/subject/1058661/"]}{"title": ["\n                看不见的城市\n\n                \n              "], "link": ["https://book.douban.com/subject/1863930/"]}{"title": ["\n                鼠疫\n\n                \n              "], "link": ["https://book.douban.com/subject/24257229/"]}{"title": ["\n                鹿鼎记（全五册）\n\n                \n              "], "link": ["https://book.douban.com/subject/1212893/"]}{"title": ["\n                人生的枷锁\n\n                \n              "], "link": ["https://book.douban.com/subject/2035171/"]}{"title": ["\n                斯通纳\n\n                \n              "], "link": ["https://book.douban.com/subject/26425831/"]}{"title": ["\n                边城\n\n                \n              "], "link": ["https://book.douban.com/subject/1057244/"]}{"title": ["\n                故事新编\n\n                \n              "], "link": ["https://book.douban.com/subject/2046909/"]}{"title": ["\n                梦里花落知多少\n\n                \n              "], "link": ["https://book.douban.com/subject/2070844/"]}{"title": ["\n                金色梦乡\n\n                \n              "], "link": ["https://book.douban.com/subject/5038409/"]}{"title": ["\n                叫魂\n\n                \n                  ", "\n              "], "link": ["https://book.douban.com/subject/10471333/"]}{"title": ["\n                时间简史\n\n                \n                  ", "\n              "], "link": ["https://book.douban.com/subject/1034282/"]}{"title": ["\n                冬牧场\n\n                \n              "], "link": ["https://book.douban.com/subject/10522856/"]}{"title": ["\n                美的历程\n\n                \n              "], "link": ["https://book.douban.com/subject/3410718/"]}{"title": ["\n                人生的智慧\n\n                \n              "], "link": ["https://book.douban.com/subject/3261600/"]}{"title": ["\n                王尔德童话\n\n                \n              "], "link": ["https://book.douban.com/subject/1119839/"]}{"title": ["\n                陆犯焉识\n\n                \n              "], "link": ["https://book.douban.com/subject/6880158/"]}{"title": ["\n                一个陌生女人的来信\n\n                \n              "], "link": ["https://book.douban.com/subject/2154960/"]}{"title": ["\n                献给阿尔吉侬的花束\n\n                \n              "], "link": ["https://book.douban.com/subject/26362836/"]}{"title": ["\n                孽子\n\n                \n              "], "link": ["https://book.douban.com/subject/5337254/"]}{"title": ["\n                國史大綱（上下）\n\n                \n              "], "link": ["https://book.douban.com/subject/1046492/"]}{"title": ["\n                史蒂夫·乔布斯传\n\n                \n              "], "link": ["https://book.douban.com/subject/6798611/"]}{"title": ["\n                十万个为什么\n\n                \n              "], "link": ["https://book.douban.com/subject/2160556/"]}{"title": ["\n                苏菲的世界\n\n                \n              "], "link": ["https://book.douban.com/subject/2284311/"]}{"title": ["\n                孩子你慢慢来\n\n                \n              "], "link": ["https://book.douban.com/subject/4207781/"]}{"title": ["\n                离开的，留下的\n\n                \n                  ", "\n              "], "link": ["https://book.douban.com/subject/27104959/"]}{"title": ["\n                昨日的世界\n\n                \n                  ", "\n              "], "link": ["https://book.douban.com/subject/1062343/"]}{"title": ["\n                爱的艺术\n\n                \n              "], "link": ["https://book.douban.com/subject/3026879/"]}{"title": ["\n                万水千山走遍\n\n                \n              "], "link": ["https://book.douban.com/subject/1036490/"]}{"title": ["\n                我也有一个梦想\n\n                \n                  ", "\n              "], "link": ["https://book.douban.com/subject/1014825/"]}{"title": ["\n                送你一颗子弹\n\n                \n              "], "link": ["https://book.douban.com/subject/4238362/"]}{"title": ["\n                浮生六记\n\n                \n              "], "link": ["https://book.douban.com/subject/1088581/"]}{"title": ["\n                经济学原理（上下）\n\n                \n              "], "link": ["https://book.douban.com/subject/1028842/"]}{"title": ["\n                绿毛水怪\n\n                \n              "], "link": ["https://book.douban.com/subject/3518332/"]}{"title": ["\n                九州·缥缈录\n\n                \n              "], "link": ["https://book.douban.com/subject/26613061/"]}{"title": ["\n                四世同堂\n\n                \n              "], "link": ["https://book.douban.com/subject/3183775/"]}{"title": ["\n                不能承受的生命之轻\n\n                \n                  ", "\n              "], "link": ["https://book.douban.com/subject/4920007/"]}{"title": ["\n                小径分岔的花园\n\n                \n              "], "link": ["https://book.douban.com/subject/25796120/"]}{"title": ["\n                球状闪电\n\n                \n              "], "link": ["https://book.douban.com/subject/1192090/"]}{"title": ["\n                倾城之恋\n\n                \n              "], "link": ["https://book.douban.com/subject/1985223/"]}{"title": ["\n                面纱\n\n                \n              "], "link": ["https://book.douban.com/subject/10560798/"]}{"title": ["\n                情书\n\n                \n              "], "link": ["https://book.douban.com/subject/1080370/"]}{"title": ["\n                亮剑\n\n                \n              "], "link": ["https://book.douban.com/subject/1088022/"]}{"title": ["\n                野火集\n\n                \n                  ", "\n              "], "link": ["https://book.douban.com/subject/1426971/"]}{"title": ["\n                目送\n\n                \n              "], "link": ["https://book.douban.com/subject/3995526/"]}{"title": ["\n                亲爱的安德烈\n\n                \n              "], "link": ["https://book.douban.com/subject/3369793/"]}{"title": ["\n                我的阿勒泰\n\n                \n              "], "link": ["https://book.douban.com/subject/4884218/"]}{"title": ["\n                古文观止\n\n                \n              "], "link": ["https://book.douban.com/subject/1014561/"]}{"title": ["\n                银河系漫游指南\n\n                \n              "], "link": ["https://book.douban.com/subject/1394364/"]}{"title": ["\n                温柔的夜\n\n                \n              "], "link": ["https://book.douban.com/subject/2068249/"]}{"title": ["\n                阿勒泰的角落\n\n                \n              "], "link": ["https://book.douban.com/subject/4881850/"]}{"title": ["\n                德米安\n\n                \n                  ", "\n              "], "link": ["https://book.douban.com/subject/3578470/"]}{"title": ["\n                你好，旧时光（上 下）\n\n                \n              "], "link": ["https://book.douban.com/subject/4166819/"]}{"title": ["\n                枪炮、病菌与钢铁\n\n                \n                  ", "\n              "], "link": ["https://book.douban.com/subject/1813841/"]}{"title": ["\n                霸王别姬\n\n                \n              "], "link": ["https://book.douban.com/subject/1088711/"]}{"title": ["\n                渴望生活\n\n                \n                  ", "\n              "], "link": ["https://book.douban.com/subject/3054821/"]}{"title": ["\n                麦琪的礼物\n\n                \n                  ", "\n              "], "link": ["https://book.douban.com/subject/1051193/"]}{"title": ["\n                受戒\n\n                \n                  ", "\n              "], "link": ["https://book.douban.com/subject/1760432/"]}{"title": ["\n                故事\n\n                \n                  ", "\n              "], "link": ["https://book.douban.com/subject/25976544/"]}{"title": ["\n                激荡三十年\n\n                \n                  ", "\n              "], "link": ["https://book.douban.com/subject/3151575/"]}{"title": ["\n                社会心理学\n\n                \n                  ", "\n              "], "link": ["https://book.douban.com/subject/1476651/"]}{"title": ["\n                解忧杂货店\n\n                \n              "], "link": ["https://book.douban.com/subject/25862578/"]}{"title": ["\n                半生缘\n\n                \n              "], "link": ["https://book.douban.com/subject/1963684/"]}{"title": ["\n                一千零一夜\n\n                \n              "], "link": ["https://book.douban.com/subject/1035848/"]}{"title": ["\n                海风中失落的血色馈赠\n\n                \n              "], "link": ["https://book.douban.com/subject/26357614/"]}{"title": ["\n                理想国\n\n                \n              "], "link": ["https://book.douban.com/subject/1004821/"]}{"title": ["\n                孙子兵法\n\n                \n              "], "link": ["https://book.douban.com/subject/1949420/"]}{"title": ["\n                水浒传（全二册）\n\n                \n              "], "link": ["https://book.douban.com/subject/1008357/"]}{"title": ["\n                认识电影\n\n                \n                  ", "\n              "], "link": ["https://book.douban.com/subject/2326403/"]}{"title": ["\n                从一到无穷大\n\n                \n                  ", "\n              "], "link": ["https://book.douban.com/subject/1102715/"]}{"title": ["\n                牧羊少年奇幻之旅\n\n                \n              "], "link": ["https://book.douban.com/subject/3608208/"]}{"title": ["\n                繁花\n\n                \n              "], "link": ["https://book.douban.com/subject/22714154/"]}{"title": ["\n                棋王·树王·孩子王\n\n                \n              "], "link": ["https://book.douban.com/subject/26734559/"]}{"title": ["\n                强风吹拂\n\n                \n              "], "link": ["https://book.douban.com/subject/26210487/"]}{"title": ["\n                青铜时代\n\n                \n                  ", "\n              "], "link": ["https://book.douban.com/subject/1085883/"]}{"title": ["\n                一桩事先张扬的凶杀案\n\n                \n              "], "link": ["https://book.douban.com/subject/24382569/"]}{"title": ["\n                银河帝国：基地七部曲\n\n                \n                  ", "\n              "], "link": ["https://book.douban.com/subject/26389895/"]}{"title": ["\n                黑客与画家\n\n                \n                  ", "\n              "], "link": ["https://book.douban.com/subject/6021440/"]}{"title": ["\n                额尔古纳河右岸\n\n                \n              "], "link": ["https://book.douban.com/subject/3311253/"]}{"title": ["\n                圣经\n\n                \n              "], "link": ["https://book.douban.com/subject/1803022/"]}{"title": ["\n                火星救援\n\n                \n              "], "link": ["https://book.douban.com/subject/26586492/"]}{"title": ["\n                巨流河\n\n                \n              "], "link": ["https://book.douban.com/subject/4842446/"]}{"title": ["\n                中国哲学简史\n\n                \n              "], "link": ["https://book.douban.com/subject/1021273/"]}{"title": ["\n                金锁记\n\n                \n              "], "link": ["https://book.douban.com/subject/3017857/"]}{"title": ["\n                庄子\n\n                \n              "], "link": ["https://book.douban.com/subject/2046236/"]}{"title": ["\n                象棋的故事\n\n                \n              "], "link": ["https://book.douban.com/subject/2158684/"]}{"title": ["\n                你一生的故事\n\n                \n                  ", "\n              "], "link": ["https://book.douban.com/subject/26295448/"]}{"title": ["\n                众病之王\n\n                \n                  ", "\n              "], "link": ["https://book.douban.com/subject/20507206/"]}{"title": ["\n                天朝的崩溃\n\n                \n                  ", "\n              "], "link": ["https://book.douban.com/subject/1675478/"]}{"title": ["\n                万物有灵且美\n\n                \n              "], "link": ["https://book.douban.com/subject/4187411/"]}{"title": ["\n                尼罗河上的惨案\n\n                \n              "], "link": ["https://book.douban.com/subject/1818347/"]}{"title": ["\n                棋王\n\n                \n              "], "link": ["https://book.douban.com/subject/1020961/"]}{"title": ["\n                我不知道该说什么，关于死亡还是爱情\n\n                \n                  ", "\n              "], "link": ["https://book.douban.com/subject/25884880/"]}{"title": ["\n                失明症漫记\n\n                \n              "], "link": ["https://book.douban.com/subject/20428302/"]}{"title": ["\n                罗生门\n\n                \n              "], "link": ["https://book.douban.com/subject/3136271/"]}{"title": ["\n                恶意\n\n                \n              "], "link": ["https://book.douban.com/subject/3646172/"]}{"title": ["\n                张爱玲文集\n\n                \n              "], "link": ["https://book.douban.com/subject/1004992/"]}{"title": ["\n                论语\n\n                \n              "], "link": ["https://book.douban.com/subject/1964774/"]}{"title": ["\n                当呼吸化为空气\n\n                \n              "], "link": ["https://book.douban.com/subject/26896859/"]}{"title": ["\n                简爱（英文全本）\n\n                \n              "], "link": ["https://book.douban.com/subject/1141406/"]}{"title": ["\n                设计中的设计\n\n                \n              "], "link": ["https://book.douban.com/subject/1941558/"]}{"title": ["\n                夏洛的网\n\n                \n              "], "link": ["https://book.douban.com/subject/1036274/"]}{"title": ["\n                毛姆短篇小说精选集\n\n                \n              "], "link": ["https://book.douban.com/subject/10774752/"]}{"title": ["\n                稻草人手记\n\n                \n              "], "link": ["https://book.douban.com/subject/3607117/"]}{"title": ["\n                荒原狼\n\n                \n              "], "link": ["https://book.douban.com/subject/3131626/"]}{"title": ["\n                人间草木\n\n                \n              "], "link": ["https://book.douban.com/subject/1253310/"]}{"title": ["\n                罪与罚\n\n                \n              "], "link": ["https://book.douban.com/subject/1858568/"]}{"title": ["\n                最好的我们\n\n                \n              "], "link": ["https://book.douban.com/subject/24754316/"]}{"title": ["\n                茶馆\n\n                \n              "], "link": ["https://book.douban.com/subject/1036613/"]}{"title": ["\n                世界尽头与冷酷仙境\n\n                \n              "], "link": ["https://book.douban.com/subject/1291809/"]}{"title": ["\n                佐贺的超级阿嬷\n\n                \n              "], "link": ["https://book.douban.com/subject/2008284/"]}{"title": ["\n                ZOO\n\n                \n              "], "link": ["https://book.douban.com/subject/2297697/"]}{"title": ["\n                世界的凛冬\n\n                \n                  ", "\n              "], "link": ["https://book.douban.com/subject/26957760/"]}{"title": ["\n                香水\n\n                \n                  ", "\n              "], "link": ["https://book.douban.com/subject/1292416/"]}{"title": ["\n                狂热分子\n\n                \n                  ", "\n              "], "link": ["https://book.douban.com/subject/3057556/"]}{"title": ["\n                总统是靠不住的\n\n                \n                  ", "\n              "], "link": ["https://book.douban.com/subject/1056315/"]}{"title": ["\n                二手时间\n\n                \n              "], "link": ["https://book.douban.com/subject/26704403/"]}{"title": ["\n                民主的细节\n\n                \n                  ", "\n              "], "link": ["https://book.douban.com/subject/3813669/"]}{"title": ["\n                牡丹亭\n\n                \n              "], "link": ["https://book.douban.com/subject/1073708/"]}{"title": ["\n                步履不停\n\n                \n              "], "link": ["https://book.douban.com/subject/26963321/"]}{"title": ["\n                人类的群星闪耀时\n\n                \n              "], "link": ["https://book.douban.com/subject/1083762/"]}{"title": ["\n                金阁寺\n\n                \n              "], "link": ["https://book.douban.com/subject/3391248/"]}{"title": ["\n                顾城的诗\n\n                \n              "], "link": ["https://book.douban.com/subject/1033825/"]}{"title": ["\n                上学记\n\n                \n              "], "link": ["https://book.douban.com/subject/1859140/"]}{"title": ["\n                荆棘鸟\n\n                \n              "], "link": ["https://book.douban.com/subject/1086249/"]}{"title": ["\n                全球通史\n\n                \n                  ", "\n              "], "link": ["https://book.douban.com/subject/10583099/"]}{"title": ["\n                一句顶一万句\n\n                \n              "], "link": ["https://book.douban.com/subject/3633461/"]}{"title": ["\n                倚天屠龙记(共四册)\n\n                \n              "], "link": ["https://book.douban.com/subject/1070851/"]}{"title": ["\n                我的天才女友\n\n                \n                  ", "\n              "], "link": ["https://book.douban.com/subject/26878124/"]}{"title": ["\n                雷雨\n\n                \n              "], "link": ["https://book.douban.com/subject/1013416/"]}{"title": ["\n                草房子\n\n                \n              "], "link": ["https://book.douban.com/subject/1052990/"]}{"title": ["\n                影响力\n\n                \n              "], "link": ["https://book.douban.com/subject/1786387/"]}{"title": ["\n                此生未完成\n\n                \n                  ", "\n              "], "link": ["https://book.douban.com/subject/6397275/"]}{"title": ["\n                挪威的森林\n\n                \n              "], "link": ["https://book.douban.com/subject/2159042/"]}{"title": ["\n                社会契约论\n\n                \n              "], "link": ["https://book.douban.com/subject/1277981/"]}{"title": ["\n                雨季不再来\n\n                \n              "], "link": ["https://book.douban.com/subject/2136140/"]}{"title": ["\n                美丽新世界\n\n                \n              "], "link": ["https://book.douban.com/subject/1321789/"]}{"title": ["\n                正见\n\n                \n                  ", "\n              "], "link": ["https://book.douban.com/subject/1963912/"]}{"title": ["\n                多情剑客无情剑(上、中、下)\n\n                \n              "], "link": ["https://book.douban.com/subject/1422833/"]}{"title": ["\n                告白\n\n                \n              "], "link": ["https://book.douban.com/subject/4836682/"]}{"title": ["\n                安娜·卡列尼娜\n\n                \n              "], "link": ["https://book.douban.com/subject/2253380/"]}{"title": ["\n                哈姆莱特\n\n                \n              "], "link": ["https://book.douban.com/subject/1006197/"]}{"title": ["\n                老人与海\n\n                \n              "], "link": ["https://book.douban.com/subject/1064275/"]}{"title": ["\n                通往奴役之路\n\n                \n              "], "link": ["https://book.douban.com/subject/1077528/"]}{"title": ["\n                美国宪政历程\n\n                \n                  ", "\n              "], "link": ["https://book.douban.com/subject/1144185/"]}{"title": ["\n                了不起的盖茨比\n\n                \n              "], "link": ["https://book.douban.com/subject/10738023/"]}{"title": ["\n                规训与惩罚\n\n                \n                  ", "\n              "], "link": ["https://book.douban.com/subject/1012307/"]}{"title": ["\n                一个人的村庄\n\n                \n              "], "link": ["https://book.douban.com/subject/1692648/"]}{"title": ["\n                骆驼祥子\n\n                \n              "], "link": ["https://book.douban.com/subject/1043815/"]}{"title": ["\n                少年凯歌\n\n                \n              "], "link": ["https://book.douban.com/subject/1091203/"]}{"title": ["\n                海底两万里\n\n                \n              "], "link": ["https://book.douban.com/subject/1085470/"]}{"title": ["\n                长袜子皮皮\n\n                \n              "], "link": ["https://book.douban.com/subject/1004088/"]}{"title": ["\n                欢乐英雄\n\n                \n              "], "link": ["https://book.douban.com/subject/1264579/"]}{"title": ["\n                别闹了，费曼先生\n\n                \n                  ", "\n              "], "link": ["https://book.douban.com/subject/1037602/"]}{"title": ["\n                2001太空漫游\n\n                \n              "], "link": ["https://book.douban.com/subject/2340609/"]}{"title": ["\n                社会性动物\n\n                \n              "], "link": ["https://book.douban.com/subject/2328458/"]}{"title": ["\n                西方哲学史（上卷）\n\n                \n              "], "link": ["https://book.douban.com/subject/1008189/"]}{"title": ["\n                尘埃落定\n\n                \n              "], "link": ["https://book.douban.com/subject/1080309/"]}{"title": ["\n                批评官员的尺度\n\n                \n                  ", "\n              "], "link": ["https://book.douban.com/subject/6401128/"]}{"title": ["\n                长夜难明\n\n                \n                  ", "\n              "], "link": ["https://book.douban.com/subject/26923390/"]}{"title": ["\n                过于喧嚣的孤独\n\n                \n              "], "link": ["https://book.douban.com/subject/6781794/"]}{"title": ["\n                如父如子\n\n                \n              "], "link": ["https://book.douban.com/subject/27611824/"]}{"title": ["\n                不存在的骑士\n\n                \n              "], "link": ["https://book.douban.com/subject/6789551/"]}